{
  "preset_info": {
    "version": 10,
    "title": "pinkmusic",
    "description": "a e s t h e t i c",
    "author": "timhe",
    "email": "",
    "archive": "kfile://org.kustom.sdcard.000/wallpapers/pinkmusic.klwp.zip/",
    "width": 720,
    "height": 1280
  },
  "preset_root": {
    "internal_type": "RootLayerModule",
    "background_bitmap": "kfile://org.kustom.provider/bitmaps/IMG9ece0a4fda1bd470026b9d258f47949e",
    "globals_list": {
      "swi": {
        "index": 1,
        "type": "TEXT",
        "title": "swi",
        "value": "1"
      }
    },
    "background_color": "#FFFFF3FD",
    "viewgroup_items": [
      {
        "internal_type": "ShapeModule",
        "internal_animations": [
          {
            "type": "SCROLL",
            "action": "SCROLL",
            "center": "SCREEN2"
          }
        ],
        "shape_type": "RECT",
        "shape_width": 720.0,
        "shape_height": 1280.0,
        "internal_title": "Page 2 (Full Screen) Background"
      },
      {
        "internal_type": "OverlapLayerModule",
        "internal_animations": [
          {
            "type": "SCROLL",
            "action": "SCROLL",
            "center": "SCREEN2"
          }
        ],
        "internal_title": "Status Bar Background",
        "viewgroup_items": [
          {
            "internal_type": "ShapeModule",
            "internal_toggles": {
              "paint_color": 10
            },
            "internal_formulas": {
              "paint_color": "$if(bp(vibrant, mi(cover)) \u003d \"\", if(bp(muted, mi(cover))\u003d \"\", if(bp(lvibrant, mi(cover)) \u003d \"\", if(bp(lmuted, mi(cover))\u003d \"\", if(bp(dvibrant, mi(cover)) \u003d \"\", if(bp(dmuted, mi(cover)) \u003d \"\", FF19745D, bp(dmuted, mi(cover)))), bp(lmuted, mi(cover))), bp(lvibrant, mi(cover))), bp(muted, mi(cover))), bp(vibrant, mi(cover)))$"
            },
            "shape_type": "RECT",
            "shape_width": 720.0,
            "shape_height": 48.0
          }
        ]
      },
      {
        "internal_type": "FontIconModule",
        "icon_size": 54.0,
        "icon_set": "kfile://org.kustom.provider/icons/entypo.ttf",
        "icon_icon": "menu",
        "paint_color": "#B6585858",
        "internal_events": [
          {
            "action": "SWITCH_GLOBAL",
            "switch": "swi",
            "switch_text": "$if(gv(swi)\u003d0, 1, 0)$"
          }
        ],
        "internal_title": "Switch (Ham)",
        "internal_animations": [
          {
            "type": "FORMULA",
            "formula": "$if(gv(swi)\u003d1,1,0)$",
            "action": "ROTATE",
            "duration": 2.0,
            "amount": 15.0
          },
          {
            "type": "FORMULA",
            "action": "SCROLL",
            "amount": 100,
            "duration": 2.0,
            "formula": "$if(gv(swi)\u003d1,1,0)$"
          },
          {
            "type": "SCROLL",
            "action": "SCROLL",
            "center": "SCREEN2"
          }
        ],
        "position_anchor": "CENTER",
        "position_offset_x": 316.0,
        "position_offset_y": -536.0,
        "icon_rotate_mode": "MANUAL"
      },
      {
        "internal_type": "FontIconModule",
        "icon_size": 64.0,
        "icon_set": "kfile://org.kustom.provider/icons/entypo.ttf",
        "icon_icon": "plus",
        "paint_color": "#B6585858",
        "internal_events": [
          {
            "action": "SWITCH_GLOBAL",
            "switch": "swi",
            "switch_text": "$if(gv(swi)\u003d0, 1, 0)$"
          }
        ],
        "internal_animations": [
          {
            "type": "FORMULA",
            "formula": "$if(gv(swi)\u003d1,1,0)$",
            "action": "ROTATE",
            "duration": 2.0,
            "amount": 15.0
          },
          {
            "type": "FORMULA",
            "action": "FADE_INVERTED",
            "amount": 100,
            "duration": 2.0,
            "formula": "$if(gv(swi)\u003d1,1,0)$"
          },
          {
            "type": "SCROLL",
            "action": "FADE",
            "center": "SCREEN2"
          }
        ],
        "position_anchor": "CENTER",
        "position_offset_x": 316.0,
        "position_offset_y": -536.0,
        "internal_title": "Switch (Close)",
        "icon_rotate_mode": "MANUAL",
        "icon_rotate_offset": 80.0
      },
      {
        "internal_type": "OverlapLayerModule",
        "internal_animations": [
          {
            "type": "SCROLL",
            "action": "SCROLL",
            "center": "SCREEN2"
          },
          {
            "type": "FORMULA",
            "formula": "$if(gv(swi)\u003d1,1,0)$",
            "action": "SCROLL",
            "duration": 2.0
          },
          {
            "type": "FORMULA",
            "action": "SCROLL",
            "duration": 2.0,
            "formula": "$if(gv(swi)\u003d1,1,0)$",
            "angle": 270.0,
            "speed": 35.0
          }
        ],
        "position_anchor": "CENTER",
        "position_offset_y": -240.0,
        "config_scale_value": 90.0,
        "internal_events": [
          {
            "action": "SWITCH_GLOBAL",
            "switch": "swi",
            "switch_text": "1"
          }
        ],
        "internal_title": "Album Art + Progress Bar",
        "viewgroup_items": [
          {
            "internal_type": "ShapeModule",
            "internal_toggles": {
              "fx_gradient_bitmap": 10
            },
            "internal_formulas": {
              "fx_gradient_bitmap": "$mi(cover)$"
            },
            "shape_type": "CIRCLE",
            "shape_width": 260.0,
            "fx_gradient": "BITMAP"
          },
          {
            "internal_type": "ShapeModule",
            "internal_toggles": {
              "paint_color": 10
            },
            "internal_formulas": {
              "paint_color": "$if(bp(vibrant, mi(cover)) \u003d \"\", if(bp(muted, mi(cover))\u003d \"\", if(bp(lvibrant, mi(cover)) \u003d \"\", if(bp(lmuted, mi(cover))\u003d \"\", if(bp(dvibrant, mi(cover)) \u003d \"\", if(bp(dmuted, mi(cover)) \u003d \"\", FF19745D, bp(dmuted, mi(cover)))), bp(lmuted, mi(cover))), bp(lvibrant, mi(cover))), bp(muted, mi(cover))), bp(vibrant, mi(cover)))$"
            },
            "shape_type": "CIRCLE",
            "shape_width": 300.0,
            "paint_style": "STROKE",
            "paint_stroke": 3.0
          },
          {
            "internal_type": "ProgressModule",
            "internal_toggles": {
              "color_fgcolor": 10
            },
            "internal_formulas": {
              "color_fgcolor": "$if(bp(vibrant, mi(cover)) \u003d \"\", if(bp(muted, mi(cover))\u003d \"\", if(bp(lvibrant, mi(cover)) \u003d \"\", if(bp(lmuted, mi(cover))\u003d \"\", if(bp(dvibrant, mi(cover)) \u003d \"\", if(bp(dmuted, mi(cover)) \u003d \"\", FF19745D, bp(dmuted, mi(cover)))), bp(lmuted, mi(cover))), bp(lvibrant, mi(cover))), bp(muted, mi(cover))), bp(vibrant, mi(cover)))$"
            },
            "progress_progress": "MUSIC",
            "style_style": "CIRCLE",
            "style_height": 10.0,
            "color_bgcolor": "#00AAAAAA"
          }
        ]
      },
      {
        "internal_type": "OverlapLayerModule",
        "internal_animations": [
          {
            "type": "SCROLL",
            "action": "SCROLL",
            "center": "SCREEN2"
          },
          {
            "type": "FORMULA",
            "speed": 55.0,
            "angle": 90.0,
            "duration": 2.0,
            "formula": "$if(gv(swi)\u003d1,1,0)$"
          }
        ],
        "position_anchor": "BOTTOM",
        "internal_title": "Track Info Bg + Navbar",
        "viewgroup_items": [
          {
            "internal_type": "ShapeModule",
            "internal_toggles": {
              "paint_color": 10
            },
            "internal_formulas": {
              "paint_color": "$if(bp(vibrant, mi(cover)) \u003d \"\", if(bp(muted, mi(cover))\u003d \"\", if(bp(lvibrant, mi(cover)) \u003d \"\", if(bp(lmuted, mi(cover))\u003d \"\", if(bp(dvibrant, mi(cover)) \u003d \"\", if(bp(dmuted, mi(cover)) \u003d \"\", FF19745D, bp(dmuted, mi(cover)))), bp(lmuted, mi(cover))), bp(lvibrant, mi(cover))), bp(muted, mi(cover))), bp(vibrant, mi(cover)))$"
            },
            "shape_type": "RECT",
            "shape_width": 720.0,
            "shape_height": 480.0
          }
        ]
      },
      {
        "internal_type": "StackLayerModule",
        "internal_animations": [
          {
            "type": "SCROLL",
            "action": "SCROLL",
            "center": "SCREEN2"
          },
          {
            "type": "FORMULA",
            "speed": 35.0,
            "angle": 90.0,
            "duration": 2.0,
            "formula": "$if(gv(swi)\u003d1,1,0)$"
          },
          {
            "type": "FORMULA",
            "action": "FADE",
            "duration": 2.0,
            "formula": "$if(gv(swi)\u003d1,1,0)$"
          }
        ],
        "position_anchor": "CENTER",
        "position_offset_y": 280.0,
        "config_stacking": "VERTICAL_CENTER",
        "internal_events": [
          {
            "action": "MUSIC",
            "music_action": "OPEN_APP"
          }
        ],
        "internal_title": "Track Details",
        "viewgroup_items": [
          {
            "internal_type": "CurvedTextModule",
            "text_expression": "$tc(ell, mi(title), 25)$",
            "text_size": 25.0,
            "text_spacing": 10.0,
            "text_filter": [
              "UP"
            ],
            "text_family": "kfile://org.kustom.provider/fonts/OpenSans-Bold.ttf",
            "position_padding_top": 30.0,
            "position_padding_bottom": 15.0
          },
          {
            "internal_type": "CurvedTextModule",
            "text_expression": "$mi(artist)$",
            "text_size": 18.0,
            "text_spacing": 0.0,
            "text_filter": [
              "UP"
            ],
            "text_family": "kfile://org.kustom.provider/fonts/OpenSans-Bold.ttf",
            "position_padding_top": 20.0,
            "position_padding_bottom": 0.0
          }
        ]
      },
      {
        "internal_type": "StackLayerModule",
        "internal_animations": [
          {
            "type": "SCROLL",
            "action": "SCROLL",
            "center": "SCREEN2"
          },
          {
            "type": "FORMULA",
            "speed": 35.0,
            "angle": 90.0,
            "duration": 2.0,
            "formula": "$if(gv(swi)\u003d1,1,0)$"
          },
          {
            "type": "FORMULA",
            "action": "FADE",
            "duration": 2.0,
            "formula": "$if(gv(swi)\u003d1,1,0)$"
          }
        ],
        "position_anchor": "CENTER",
        "position_offset_y": 460.0,
        "config_stacking": "HORIZONTAL_CENTER",
        "internal_title": "Music Controls",
        "viewgroup_items": [
          {
            "internal_type": "FontIconModule",
            "internal_events": [
              {
                "action": "MUSIC",
                "music_action": "PREVIOUS"
              }
            ],
            "icon_size": 52.0,
            "icon_set": "kfile://org.kustom.provider/icons/entypo.ttf",
            "icon_icon": "controller-fast-forward",
            "icon_rotate_mode": "DEG180",
            "position_padding_right": 75.0,
            "position_padding_top": 0.0,
            "position_padding_bottom": 35.0
          },
          {
            "internal_type": "FontIconModule",
            "internal_toggles": {
              "icon_icon": 10
            },
            "internal_formulas": {
              "icon_icon": "$if(mi(state)\u003dPLAYING, Pause_circle_filled, Play_circle_filled)$"
            },
            "internal_events": [
              {
                "action": "MUSIC"
              }
            ],
            "icon_size": 120.0,
            "fx_shadow": "OUTER",
            "fx_shadow_color": "#4B000000",
            "fx_shadow_direction": 270.0,
            "fx_shadow_distance": 6.0,
            "fx_shadow_blur": 10.0,
            "position_padding_top": 0.0,
            "position_padding_bottom": 35.0,
            "icon_set": "kfile://org.kustom.provider/icons/material.ttf"
          },
          {
            "internal_type": "FontIconModule",
            "internal_events": [
              {
                "action": "MUSIC",
                "music_action": "NEXT"
              }
            ],
            "icon_size": 52.0,
            "icon_set": "kfile://org.kustom.provider/icons/entypo.ttf",
            "icon_icon": "controller-fast-forward",
            "position_padding_left": 75.0,
            "position_padding_top": 0.0,
            "position_padding_bottom": 35.0
          }
        ]
      },
      {
        "internal_type": "ShapeModule",
        "internal_toggles": {
          "paint_color": 10
        },
        "internal_formulas": {
          "paint_color": "$if(bp(vibrant, mi(cover)) \u003d \"\", if(bp(muted, mi(cover))\u003d \"\", if(bp(lvibrant, mi(cover)) \u003d \"\", if(bp(lmuted, mi(cover))\u003d \"\", if(bp(dvibrant, mi(cover)) \u003d \"\", if(bp(dmuted, mi(cover)) \u003d \"\", FF19745D, bp(dmuted, mi(cover)))), bp(lmuted, mi(cover))), bp(lvibrant, mi(cover))), bp(muted, mi(cover))), bp(vibrant, mi(cover)))$"
        },
        "internal_animations": [
          {
            "type": "LOOP_2W",
            "action": "SCALE_Y",
            "duration": 10.0,
            "internal_toggles": {
              "amount": 10
            },
            "internal_formulas": {
              "amount": "$tu(rnd, .1, 90, 95)$"
            }
          },
          {
            "type": "SCROLL",
            "action": "SCROLL",
            "center": "SCREEN2"
          },
          {
            "type": "FORMULA",
            "formula": "$if(mi(state)!\u003dPLAYING, 1, 0)$",
            "action": "FADE",
            "duration": 2.0
          },
          {
            "type": "FORMULA",
            "action": "FADE",
            "duration": 2.0,
            "formula": "$if(gv(swi)\u003d1,1,0)$"
          }
        ],
        "position_anchor": "CENTER",
        "position_offset_x": -60.0,
        "position_offset_y": 60.0,
        "shape_type": "RECT",
        "shape_width": 8.0,
        "shape_height": 40.0,
        "shape_corners": 188,
        "internal_title": "EQ Bar 1"
      },
      {
        "internal_type": "ShapeModule",
        "internal_toggles": {
          "paint_color": 10
        },
        "internal_formulas": {
          "paint_color": "$if(bp(vibrant, mi(cover)) \u003d \"\", if(bp(muted, mi(cover))\u003d \"\", if(bp(lvibrant, mi(cover)) \u003d \"\", if(bp(lmuted, mi(cover))\u003d \"\", if(bp(dvibrant, mi(cover)) \u003d \"\", if(bp(dmuted, mi(cover)) \u003d \"\", FF19745D, bp(dmuted, mi(cover)))), bp(lmuted, mi(cover))), bp(lvibrant, mi(cover))), bp(muted, mi(cover))), bp(vibrant, mi(cover)))$"
        },
        "internal_animations": [
          {
            "type": "LOOP_2W",
            "action": "SCALE_Y",
            "duration": 8.0,
            "internal_toggles": {
              "amount": 10
            },
            "internal_formulas": {
              "amount": "$tu(rnd, .1, 60, 80)$"
            }
          },
          {
            "type": "SCROLL",
            "action": "SCROLL",
            "center": "SCREEN2"
          },
          {
            "type": "FORMULA",
            "action": "FADE",
            "duration": 2.0,
            "formula": "$if(mi(state)!\u003dPLAYING, 1, 0)$"
          },
          {
            "type": "FORMULA",
            "action": "FADE",
            "duration": 2.0,
            "formula": "$if(gv(swi)\u003d1,1,0)$"
          }
        ],
        "position_anchor": "CENTER",
        "position_offset_x": -40.0,
        "position_offset_y": 60.0,
        "shape_type": "RECT",
        "shape_width": 8.0,
        "shape_height": 30.0,
        "shape_corners": 188,
        "internal_title": "EQ Bar 2"
      },
      {
        "internal_type": "ShapeModule",
        "internal_toggles": {
          "paint_color": 10
        },
        "internal_formulas": {
          "paint_color": "$if(bp(vibrant, mi(cover)) \u003d \"\", if(bp(lvibrant, mi(cover))\u003d \"\", if(bp(muted, mi(cover)) \u003d \"\", if(bp(lmuted, mi(cover))\u003d \"\", if(bp(dvibrant, mi(cover)) \u003d \"\", if(bp(dmuted, mi(cover)) \u003d \"\", FF19745D, bp(dmuted, mi(cover)))), bp(lmuted, mi(cover))), bp(lvibrant, mi(cover))), bp(muted, mi(cover))), bp(vibrant, mi(cover)))$"
        },
        "internal_animations": [
          {
            "type": "LOOP_2W",
            "action": "SCALE_Y",
            "duration": 6.0,
            "internal_toggles": {
              "amount": 10
            },
            "internal_formulas": {
              "amount": "$tu(rnd, .1, 80, 95)$"
            }
          },
          {
            "type": "SCROLL",
            "action": "SCROLL",
            "center": "SCREEN2"
          },
          {
            "type": "FORMULA",
            "action": "FADE",
            "duration": 2.0,
            "formula": "$if(mi(state)!\u003dPLAYING, 1, 0)$"
          },
          {
            "type": "FORMULA",
            "action": "FADE",
            "duration": 2.0,
            "formula": "$if(gv(swi)\u003d1,1,0)$"
          }
        ],
        "position_anchor": "CENTER",
        "position_offset_x": -20.0,
        "position_offset_y": 60.0,
        "shape_type": "RECT",
        "shape_width": 8.0,
        "shape_height": 80.0,
        "shape_corners": 188,
        "internal_title": "EQ Bar 3"
      },
      {
        "internal_type": "ShapeModule",
        "internal_toggles": {
          "paint_color": 10,
          "shape_height": 0
        },
        "internal_formulas": {
          "paint_color": "$if(bp(vibrant, mi(cover)) \u003d \"\", if(bp(muted, mi(cover))\u003d \"\", if(bp(lvibrant, mi(cover)) \u003d \"\", if(bp(lmuted, mi(cover))\u003d \"\", if(bp(dvibrant, mi(cover)) \u003d \"\", if(bp(dmuted, mi(cover)) \u003d \"\", FF19745D, bp(dmuted, mi(cover)))), bp(lmuted, mi(cover))), bp(lvibrant, mi(cover))), bp(muted, mi(cover))), bp(vibrant, mi(cover)))$",
          "shape_height": "$tu(rnd, .01, 10, 20)$"
        },
        "internal_animations": [
          {
            "type": "LOOP_2W",
            "action": "SCALE_Y",
            "duration": 7.0,
            "internal_toggles": {
              "amount": 10
            },
            "internal_formulas": {
              "amount": "$tu(rnd, .1, 50, 100)$"
            }
          },
          {
            "type": "SCROLL",
            "action": "SCROLL",
            "center": "SCREEN2"
          },
          {
            "type": "FORMULA",
            "action": "FADE",
            "duration": 2.0,
            "formula": "$if(mi(state)!\u003dPLAYING, 1, 0)$"
          },
          {
            "type": "FORMULA",
            "action": "FADE",
            "duration": 2.0,
            "formula": "$if(gv(swi)\u003d1,1,0)$"
          }
        ],
        "position_anchor": "CENTER",
        "position_offset_y": 60.0,
        "shape_type": "RECT",
        "shape_width": 8.0,
        "shape_height": 60.0,
        "shape_corners": 161,
        "internal_title": "EQ Bar 4"
      },
      {
        "internal_type": "ShapeModule",
        "internal_toggles": {
          "paint_color": 10
        },
        "internal_formulas": {
          "paint_color": "$if(bp(vibrant, mi(cover)) \u003d \"\", if(bp(muted, mi(cover))\u003d \"\", if(bp(lvibrant, mi(cover)) \u003d \"\", if(bp(lmuted, mi(cover))\u003d \"\", if(bp(dvibrant, mi(cover)) \u003d \"\", if(bp(dmuted, mi(cover)) \u003d \"\", FF19745D, bp(dmuted, mi(cover)))), bp(lmuted, mi(cover))), bp(lvibrant, mi(cover))), bp(muted, mi(cover))), bp(vibrant, mi(cover)))$"
        },
        "internal_animations": [
          {
            "type": "LOOP_2W",
            "action": "SCALE_Y",
            "duration": 9.0,
            "internal_toggles": {
              "amount": 10
            },
            "internal_formulas": {
              "amount": "$tu(rnd, .1, 50, 65)$"
            }
          },
          {
            "type": "SCROLL",
            "action": "SCROLL",
            "center": "SCREEN2"
          },
          {
            "type": "FORMULA",
            "action": "FADE",
            "duration": 2.0,
            "formula": "$if(mi(state)!\u003dPLAYING, 1, 0)$"
          },
          {
            "type": "FORMULA",
            "action": "FADE",
            "duration": 2.0,
            "formula": "$if(gv(swi)\u003d1,1,0)$"
          }
        ],
        "position_anchor": "CENTER",
        "position_offset_x": 20.0,
        "position_offset_y": 60.0,
        "shape_type": "RECT",
        "shape_width": 8.0,
        "shape_height": 70.0,
        "shape_corners": 188,
        "internal_title": "EQ Bar 5"
      },
      {
        "internal_type": "ShapeModule",
        "internal_toggles": {
          "paint_color": 10
        },
        "internal_formulas": {
          "paint_color": "$if(bp(vibrant, mi(cover)) \u003d \"\", if(bp(muted, mi(cover))\u003d \"\", if(bp(lvibrant, mi(cover)) \u003d \"\", if(bp(lmuted, mi(cover))\u003d \"\", if(bp(dvibrant, mi(cover)) \u003d \"\", if(bp(dmuted, mi(cover)) \u003d \"\", FF19745D, bp(dmuted, mi(cover)))), bp(lmuted, mi(cover))), bp(lvibrant, mi(cover))), bp(muted, mi(cover))), bp(vibrant, mi(cover)))$"
        },
        "internal_animations": [
          {
            "type": "LOOP_2W",
            "action": "SCALE_Y",
            "duration": 6.0,
            "internal_toggles": {
              "amount": 10
            },
            "internal_formulas": {
              "amount": "$tu(rnd, .1, 40, 55)$"
            }
          },
          {
            "type": "SCROLL",
            "action": "SCROLL",
            "center": "SCREEN2"
          },
          {
            "type": "FORMULA",
            "action": "FADE",
            "duration": 2.0,
            "formula": "$if(mi(state)!\u003dPLAYING, 1, 0)$"
          },
          {
            "type": "FORMULA",
            "action": "FADE",
            "duration": 2.0,
            "formula": "$if(gv(swi)\u003d1,1,0)$"
          }
        ],
        "position_anchor": "CENTER",
        "position_offset_x": 40.0,
        "position_offset_y": 60.0,
        "shape_type": "RECT",
        "shape_width": 8.0,
        "shape_height": 50.0,
        "shape_corners": 188,
        "internal_title": "EQ Bar 6"
      },
      {
        "internal_type": "ShapeModule",
        "internal_toggles": {
          "paint_color": 10
        },
        "internal_formulas": {
          "paint_color": "$if(bp(vibrant, mi(cover)) \u003d \"\", if(bp(muted, mi(cover))\u003d \"\", if(bp(lvibrant, mi(cover)) \u003d \"\", if(bp(lmuted, mi(cover))\u003d \"\", if(bp(dvibrant, mi(cover)) \u003d \"\", if(bp(dmuted, mi(cover)) \u003d \"\", FF19745D, bp(dmuted, mi(cover)))), bp(lmuted, mi(cover))), bp(lvibrant, mi(cover))), bp(muted, mi(cover))), bp(vibrant, mi(cover)))$"
        },
        "internal_animations": [
          {
            "type": "LOOP_2W",
            "action": "SCALE_Y",
            "duration": 7.0,
            "internal_toggles": {
              "amount": 10
            },
            "internal_formulas": {
              "amount": "$tu(rnd, .1, 10, 90)$"
            }
          },
          {
            "type": "SCROLL",
            "action": "SCROLL",
            "center": "SCREEN2"
          },
          {
            "type": "FORMULA",
            "action": "FADE",
            "duration": 2.0,
            "formula": "$if(mi(state)!\u003dPLAYING, 1, 0)$"
          },
          {
            "type": "FORMULA",
            "action": "FADE",
            "duration": 2.0,
            "formula": "$if(gv(swi)\u003d1,1,0)$"
          }
        ],
        "position_anchor": "CENTER",
        "position_offset_x": 60.0,
        "position_offset_y": 60.0,
        "shape_type": "RECT",
        "shape_width": 8.0,
        "shape_height": 73.0,
        "shape_corners": 188,
        "internal_title": "EQ Bar 7"
      },
      {
        "internal_type": "OverlapLayerModule",
        "internal_title": "Time + Date + Related Info",
        "internal_animations": [
          {
            "type": "SCROLL",
            "action": "FADE",
            "center": "SCREEN2",
            "speed": 110.0
          },
          {
            "type": "FORMULA",
            "formula": "$if(gv(swi)\u003d1,1,0)$",
            "angle": 180.0,
            "duration": 2.0,
            "ease": "INVERTED"
          }
        ],
        "position_anchor": "CENTER",
        "position_offset_y": -340.0,
        "viewgroup_items": [
          {
            "internal_type": "OverlapLayerModule",
            "position_padding_left": 0.0,
            "position_padding_right": 475.0,
            "position_padding_bottom": 225.0,
            "config_scale_value": 75.0,
            "viewgroup_items": [
              {
                "internal_type": "FontIconModule",
                "icon_size": 50.0,
                "icon_icon": "access_time",
                "paint_color": "#FF000000",
                "position_padding_left": 0.0,
                "position_padding_right": 125.0
              },
              {
                "internal_type": "TextModule",
                "text_expression": "\u0026",
                "text_size": 40.0,
                "paint_color": "#FF000000"
              },
              {
                "internal_type": "FontIconModule",
                "icon_size": 50.0,
                "icon_icon": "insert_invitation",
                "paint_color": "#FF000000",
                "position_padding_left": 125.0,
                "position_padding_right": 0.0
              }
            ]
          },
          {
            "internal_type": "StackLayerModule",
            "position_padding_right": 0.0,
            "position_padding_top": 75.0,
            "position_anchor": "TOPLEFT",
            "viewgroup_items": [
              {
                "internal_type": "CurvedTextModule",
                "text_expression": "$df(hh:mm)$",
                "text_size": 22.0,
                "text_spacing": 2.0,
                "text_family": "kfile://org.kustom.provider/fonts/OpenSans-Semibold.ttf",
                "paint_color": "#FF000000",
                "position_padding_top": 5.0,
                "position_padding_bottom": 5.0
              },
              {
                "internal_type": "CurvedTextModule",
                "text_expression": "$df(EEEE)$, $df(dd MMMM)$",
                "text_size": 22.0,
                "text_spacing": 2.0,
                "text_family": "kfile://org.kustom.provider/fonts/OpenSans-Semibold.ttf",
                "paint_color": "#FF000000",
                "position_padding_top": 5.0,
                "position_padding_bottom": 5.0
              },
              {
                "internal_type": "CurvedTextModule",
                "text_expression": "Alarm: $if(si(alarmon)\u003d0, \"Not Set\", df(\"hh:mma EEE\") , si(alarmd))$",
                "text_size": 22.0,
                "text_spacing": 2.0,
                "text_family": "kfile://org.kustom.provider/fonts/OpenSans-Semibold.ttf",
                "paint_color": "#FF000000",
                "position_padding_top": 5.0,
                "position_padding_bottom": 5.0
              },
              {
                "internal_type": "CurvedTextModule",
                "text_expression": "$df(dd MMM, ci(start, 0))$ - $tc(ell, ci(title, 0), 15)$ - $if(ci(allday, 0)\u003d1, ALL DAY)$ $if(ci(allday, 0)\u003d0, df(hh:mma, ci(start, 0))- df(hh:mma, ci(end, 0))) $",
                "text_size": 22.0,
                "text_spacing": 2.0,
                "text_family": "kfile://org.kustom.provider/fonts/OpenSans-Semibold.ttf",
                "paint_color": "#FF000000",
                "position_padding_top": 5.0,
                "position_padding_bottom": 5.0
              }
            ]
          }
        ]
      },
      {
        "internal_type": "OverlapLayerModule",
        "position_anchor": "CENTER",
        "position_offset_y": 30.0,
        "internal_title": "Weather Info",
        "internal_animations": [
          {
            "type": "SCROLL",
            "action": "FADE",
            "center": "SCREEN2"
          },
          {
            "type": "FORMULA",
            "ease": "INVERTED",
            "angle": 0,
            "duration": 2.0,
            "formula": "$if(gv(swi)\u003d1,1,0)$"
          }
        ],
        "viewgroup_items": [
          {
            "internal_type": "OverlapLayerModule",
            "position_padding_left": 475.0,
            "position_padding_right": 0.0,
            "position_padding_bottom": 225.0,
            "config_scale_value": 75.0,
            "viewgroup_items": [
              {
                "internal_type": "KomponentModule",
                "internal_title": "Dripicons",
                "config_scale_value": 111.0,
                "globals_list": {
                  "icon": {
                    "index": 1,
                    "type": "LIST",
                    "title": "icon",
                    "entries": "\"$wi(icon)$\"##Current,\"$wf(icon, 0)$\"##Today Forecast,\"$wf(icon, 1)$\"##Tomorrow Forecast,\"$wf(icon, 2)$\"##2 Days Forecast,\"$wf(icon, 3)$\"##3 Days Forecast,\"$wf(icon, 4)$\"##4 Days Forecast,\"$wf(icon, 5)$\"##5 Days Forecast,\"$wf(icon, 6)$\"##6 Days Forecast,\"$wf(icon, 7)$\"##7 Days Forecast,\"$wf(icon, 8)$\"##8 Days Forecast,\"$wf(icon, 9)$\"##9 Days Forecast",
                    "value": "$wi(icon)$"
                  },
                  "nightico": {
                    "index": 2,
                    "type": "SWITCH",
                    "title": "Nightico",
                    "value": 1
                  },
                  "size": {
                    "index": 3,
                    "type": "NUMBER",
                    "title": "Size",
                    "min": 10,
                    "max": 720,
                    "value": 40.0
                  },
                  "color": {
                    "index": 4,
                    "type": "COLOR",
                    "title": "Color",
                    "value": "#FF000000"
                  }
                },
                "internal_description": "Font Weather",
                "internal_author_email": "surajhodi@gmail.com",
                "internal_author_name": "SurajHodi",
                "position_offset_x": 0.0,
                "position_offset_y": 0.0,
                "position_padding_left": 114.0,
                "viewgroup_items": [
                  {
                    "internal_type": "CurvedTextModule",
                    "text_family": "kfile://org.kustom.provider/fonts/dripicons-weather.ttf",
                    "internal_toggles": {
                      "text_size": 10,
                      "paint_color": 100
                    },
                    "internal_formulas": {
                      "text_size": "$gv(Size)$"
                    },
                    "position_padding_left": 0.0,
                    "position_padding_top": 0.0,
                    "text_expression": "$if(gv(icon) \u003d CLEAR, if(ai(isday), S, S))$\n$if(gv(icon) \u003d MCLOUDY, if(ai(isday), 2, 3))$$if(gv(icon) \u003d PCLOUDY, if(ai(isday), R, A))$$if(gv(icon) \u003d WINDY, if(ai(isday),Z, Y))$$if(gv(icon) \u003d FOG, if(ai(isday), m, l))$$if(gv(icon) \u003d HAIL, if(ai(isday),E, D))$$if(gv(icon) \u003d SNOW, if(ai(isday),P, O))$$if(gv(icon) \u003d LSNOW, if(ai(isday),P, O))$$if(gv(icon) \u003d SLEET, if(ai(isday),u, t))$$if(gv(icon) \u003d RAIN, if(ai(isday), L, K))$$if(gv(icon) \u003d SHOWER, if(ai(isday),h, g))$$if(gv(icon) \u003d TSHOWER, if(ai(isday), e, d))$$if(gv(icon) \u003d TSTORM, if(ai(isday), y, x))$$if(gv(icon) \u003d TORNADO, if(ai(isday),k, k))$$if(gv(icon) \u003d UNKNOWN, 9)$",
                    "text_size": 100.0,
                    "internal_globals": {
                      "paint_color": "color"
                    }
                  }
                ]
              }
            ]
          },
          {
            "internal_type": "StackLayerModule",
            "position_anchor": "TOPRIGHT",
            "position_padding_top": 75.0,
            "config_stacking": "VERTICAL_RIGHT",
            "viewgroup_items": [
              {
                "internal_type": "CurvedTextModule",
                "text_expression": "$wi(temp)$°$wi(tempu)$ (F.L. $wi(flik)$°$wi(tempu)$)",
                "text_size": 22.0,
                "text_spacing": 2.0,
                "text_family": "kfile://org.kustom.provider/fonts/OpenSans-Semibold.ttf",
                "paint_color": "#FF000000",
                "position_padding_top": 5.0,
                "position_padding_bottom": 5.0
              },
              {
                "internal_type": "CurvedTextModule",
                "text_expression": "$wi(cond)$",
                "text_size": 22.0,
                "text_spacing": 2.0,
                "text_family": "kfile://org.kustom.provider/fonts/OpenSans-Semibold.ttf",
                "paint_color": "#FF000000",
                "text_filter": [
                  "CAP"
                ],
                "position_padding_top": 5.0,
                "position_padding_bottom": 5.0
              },
              {
                "internal_type": "CurvedTextModule",
                "text_expression": "Hi : $wf(max, 0)$°$wi(tempu)$    Lo: $wf(min, 0)$°$wi(tempu)$",
                "text_size": 22.0,
                "text_spacing": 2.0,
                "text_family": "kfile://org.kustom.provider/fonts/OpenSans-Semibold.ttf",
                "paint_color": "#FF000000",
                "position_padding_top": 5.0,
                "position_padding_bottom": 5.0
              },
              {
                "internal_type": "CurvedTextModule",
                "text_expression": "Forecast: $wf(cond, 0)$",
                "text_size": 22.0,
                "text_spacing": 2.0,
                "text_family": "kfile://org.kustom.provider/fonts/OpenSans-Semibold.ttf",
                "paint_color": "#FF000000",
                "position_padding_top": 5.0,
                "position_padding_bottom": 5.0
              }
            ]
          }
        ]
      },
      {
        "internal_type": "OverlapLayerModule",
        "position_anchor": "CENTER",
        "position_offset_y": 400.0,
        "internal_title": "Battery + Storage + Device Info",
        "internal_animations": [
          {
            "type": "SCROLL",
            "action": "FADE",
            "center": "SCREEN2"
          },
          {
            "type": "FORMULA",
            "ease": "INVERTED",
            "angle": 180.0,
            "duration": 2.0,
            "formula": "$if(gv(swi)\u003d1,1,0)$"
          }
        ],
        "viewgroup_items": [
          {
            "internal_type": "OverlapLayerModule",
            "position_padding_left": 0.0,
            "position_padding_right": 475.0,
            "position_padding_bottom": 225.0,
            "config_scale_value": 75.0,
            "viewgroup_items": [
              {
                "internal_type": "FontIconModule",
                "icon_size": 50.0,
                "icon_icon": "info_outline",
                "paint_color": "#FF000000",
                "position_padding_left": 0.0,
                "position_padding_right": 125.0
              }
            ]
          },
          {
            "internal_type": "StackLayerModule",
            "position_padding_right": 0.0,
            "position_padding_top": 75.0,
            "position_anchor": "TOPLEFT",
            "viewgroup_items": [
              {
                "internal_type": "CurvedTextModule",
                "text_expression": "$bi(level)$% $if(bi(charging) \u003d 0, discharging, charging)$",
                "text_size": 22.0,
                "text_spacing": 2.0,
                "text_family": "kfile://org.kustom.provider/fonts/OpenSans-Semibold.ttf",
                "paint_color": "#FF000000",
                "text_filter": [
                  "CAP"
                ],
                "position_padding_top": 5.0,
                "position_padding_bottom": 5.0
              },
              {
                "internal_type": "CurvedTextModule",
                "text_expression": "RAM : $mu(round, (rm(mused)/1024), 2)$GB/$mu(round, (rm(mtot)/1024), 2)$GB",
                "text_size": 22.0,
                "text_spacing": 2.0,
                "text_family": "kfile://org.kustom.provider/fonts/OpenSans-Semibold.ttf",
                "paint_color": "#FF000000",
                "position_padding_top": 5.0,
                "position_padding_bottom": 5.0
              },
              {
                "internal_type": "CurvedTextModule",
                "text_expression": "Storage : $mu(round, (rm(fsused)/1024), 2)$GB/$mu(round, (rm(fstot)/1024), 2)$GB",
                "text_size": 22.0,
                "text_spacing": 2.0,
                "text_family": "kfile://org.kustom.provider/fonts/OpenSans-Semibold.ttf",
                "paint_color": "#FF000000",
                "position_padding_top": 5.0,
                "position_padding_bottom": 5.0
              },
              {
                "internal_type": "CurvedTextModule",
                "text_expression": "Uptime: $tf(df(S) - df(S, si(boot)))$",
                "text_size": 22.0,
                "text_spacing": 2.0,
                "text_family": "kfile://org.kustom.provider/fonts/OpenSans-Semibold.ttf",
                "paint_color": "#FF000000",
                "position_padding_top": 5.0,
                "position_padding_bottom": 5.0
              }
            ]
          }
        ]
      },
      {
        "internal_type": "ShapeModule",
        "internal_toggles": {
          "paint_color": 10,
          "fx_gradient_color": 0
        },
        "internal_formulas": {
          "paint_color": "$if(bp(vibrant, mi(cover)) \u003d \"\", if(bp(muted, mi(cover))\u003d \"\", if(bp(lvibrant, mi(cover)) \u003d \"\", if(bp(lmuted, mi(cover))\u003d \"\", if(bp(dvibrant, mi(cover)) \u003d \"\", if(bp(dmuted, mi(cover)) \u003d \"\", FF19745D, bp(dmuted, mi(cover)))), bp(lmuted, mi(cover))), bp(lvibrant, mi(cover))), bp(muted, mi(cover))), bp(vibrant, mi(cover)))$"
        },
        "shape_type": "RECT",
        "shape_width": 610.0,
        "shape_height": 3.0,
        "shape_corners": 360,
        "fx_gradient": "HORIZONTAL",
        "fx_gradient_color": "#00000000",
        "internal_animations": [
          {
            "type": "SCROLL",
            "action": "SCROLL",
            "center": "SCREEN2"
          },
          {
            "type": "FORMULA",
            "ease": "INVERTED",
            "duration": 2.0,
            "formula": "$if(gv(swi)\u003d1,1,0)$"
          }
        ],
        "position_anchor": "CENTER",
        "position_offset_y": -170.0
      },
      {
        "internal_type": "ShapeModule",
        "internal_toggles": {
          "paint_color": 10,
          "fx_gradient_color": 0
        },
        "internal_formulas": {
          "paint_color": "$if(bp(vibrant, mi(cover)) \u003d \"\", if(bp(muted, mi(cover))\u003d \"\", if(bp(lvibrant, mi(cover)) \u003d \"\", if(bp(lmuted, mi(cover))\u003d \"\", if(bp(dvibrant, mi(cover)) \u003d \"\", if(bp(dmuted, mi(cover)) \u003d \"\", FF19745D, bp(dmuted, mi(cover)))), bp(lmuted, mi(cover))), bp(lvibrant, mi(cover))), bp(muted, mi(cover))), bp(vibrant, mi(cover)))$"
        },
        "shape_type": "RECT",
        "shape_width": 610.0,
        "shape_height": 3.0,
        "shape_corners": 360,
        "fx_gradient": "HORIZONTAL",
        "fx_gradient_color": "#00000000",
        "shape_rotate_mode": "DEG180",
        "internal_animations": [
          {
            "type": "SCROLL",
            "action": "SCROLL",
            "center": "SCREEN2"
          },
          {
            "type": "FORMULA",
            "ease": "INVERTED",
            "angle": 180.0,
            "duration": 2.0,
            "formula": "$if(gv(swi)\u003d1,1,0)$",
            "action": "SCROLL_INVERTED"
          }
        ],
        "position_anchor": "CENTER",
        "position_offset_y": 190.0
      },
      {
        "internal_type": "ProgressModule",
        "internal_animations": [
          {
            "type": "SCROLL",
            "action": "SCROLL",
            "center": "SCREEN1",
            "speed": 120.0
          }
        ],
        "position_anchor": "CENTER",
        "position_offset_y": 40.0,
        "style_size": 475.0,
        "style_height": 15.0,
        "color_fgcolor": "#FFFFB8E4",
        "color_bgcolor": "#00AAAAAA"
      },
      {
        "internal_type": "BitmapModule",
        "internal_animations": [
          {
            "type": "SCROLL",
            "center": "SCREEN1",
            "speed": 120.0
          }
        ],
        "position_anchor": "CENTER",
        "position_offset_y": -130.0,
        "bitmap_bitmap": "kfile://org.kustom.provider/bitmaps/IMG3bf1dd78709f4ba466074434199eb91",
        "bitmap_width": 475.0
      },
      {
        "internal_type": "BitmapModule",
        "internal_title": "Sync",
        "internal_events": [
          {
            "action": "LAUNCH_APP",
            "intent": "intent:#Intent;action\u003dandroid.intent.action.MAIN;category\u003dandroid.intent.category.LAUNCHER;component\u003dcom.laurencedawson.reddit_sync.pro/com.laurencedawson.reddit_sync.ui.activities.HomeActivity;S.org.kustom.intent.label\u003dSync%20Pro;end"
          }
        ],
        "position_anchor": "CENTER",
        "position_offset_x": -225.0,
        "position_offset_y": 95.0,
        "bitmap_bitmap": "kfile://org.kustom.provider/bitmaps/IMGa79cbe15683ff946f5fc50f412b4155b",
        "internal_animations": [
          {
            "type": "SCROLL",
            "center": "SCREEN1",
            "speed": 110
          }
        ]
      },
      {
        "internal_type": "BitmapModule",
        "internal_title": "Instagram",
        "internal_events": [
          {
            "action": "LAUNCH_APP",
            "intent": "intent:#Intent;action\u003dandroid.intent.action.MAIN;category\u003dandroid.intent.category.LAUNCHER;component\u003dcom.instagram.android/.activity.MainTabActivity;S.org.kustom.intent.label\u003dInstagram;end"
          }
        ],
        "position_anchor": "CENTER",
        "position_offset_x": -50.0,
        "position_offset_y": 99.0,
        "bitmap_bitmap": "kfile://org.kustom.provider/bitmaps/IMG5b08150d7f44c8f2f3df27f9f859b09d",
        "internal_animations": [
          {
            "type": "SCROLL",
            "center": "SCREEN1",
            "speed": 110
          }
        ]
      },
      {
        "internal_type": "BitmapModule",
        "internal_title": "Snapchat",
        "internal_events": [
          {
            "action": "LAUNCH_APP",
            "intent": "intent:#Intent;action\u003dandroid.intent.action.MAIN;category\u003dandroid.intent.category.LAUNCHER;component\u003dcom.snapchat.android/.LandingPageActivity;S.org.kustom.intent.label\u003dSnapchat;end"
          }
        ],
        "position_anchor": "CENTER",
        "position_offset_x": 40.0,
        "position_offset_y": 100.0,
        "bitmap_bitmap": "kfile://org.kustom.provider/bitmaps/IMG573f2c9f48ec19114b8c5e8c54a99fe1",
        "internal_animations": [
          {
            "type": "SCROLL",
            "center": "SCREEN1",
            "speed": 110
          }
        ]
      },
      {
        "internal_type": "BitmapModule",
        "internal_title": "Spotify",
        "internal_events": [
          {
            "action": "LAUNCH_APP",
            "intent": "intent:#Intent;action\u003dandroid.intent.action.MAIN;category\u003dandroid.intent.category.LAUNCHER;component\u003dcom.spotify.music/.MainActivity;S.org.kustom.intent.label\u003dSpotify;end"
          }
        ],
        "position_anchor": "CENTER",
        "position_offset_x": 135.0,
        "position_offset_y": 100.0,
        "bitmap_bitmap": "kfile://org.kustom.provider/bitmaps/IMGc598311372815774593d83d36e0f864c",
        "internal_animations": [
          {
            "type": "SCROLL",
            "center": "SCREEN1",
            "speed": 110
          }
        ]
      },
      {
        "internal_type": "BitmapModule",
        "internal_title": "Internet",
        "internal_animations": [
          {
            "type": "SCROLL",
            "center": "SCREEN1",
            "speed": 110.0
          }
        ],
        "internal_events": [
          {
            "action": "LAUNCH_APP",
            "intent": "intent:#Intent;action\u003dandroid.intent.action.MAIN;category\u003dandroid.intent.category.LAUNCHER;component\u003dcom.brave.browser/com.google.android.apps.chrome.Main;S.org.kustom.intent.label\u003dBrave;end"
          }
        ],
        "position_anchor": "CENTER",
        "position_offset_x": -140.0,
        "position_offset_y": 100.0,
        "bitmap_bitmap": "kfile://org.kustom.provider/bitmaps/IMG82c6c061adc28164e395a3fbd95f1cb7",
        "bitmap_width": 100.0
      },
      {
        "internal_type": "BitmapModule",
        "internal_title": "Messenger",
        "internal_events": [
          {
            "action": "LAUNCH_APP",
            "intent": "intent:#Intent;action\u003dandroid.intent.action.MAIN;category\u003dandroid.intent.category.LAUNCHER;component\u003dcom.facebook.orca/.auth.StartScreenActivity;S.org.kustom.intent.label\u003dMessenger;end"
          }
        ],
        "position_anchor": "CENTER",
        "position_offset_x": 225.0,
        "position_offset_y": 100.0,
        "bitmap_bitmap": "kfile://org.kustom.provider/bitmaps/IMGec0dff9eb0fa3020c5b2f99a8352500f",
        "internal_animations": [
          {
            "type": "SCROLL",
            "center": "SCREEN1",
            "speed": 110
          }
        ]
      }
    ]
  }
}